﻿<?xml version="1.0" encoding="utf-8" ?>
<Defs>

  <!-- Cyborg Ballistik -->
	<ResearchProjectDef>
		<defName>CW_Ballistik</defName>
		<label>Ballistik</label>
		<description>Unfold the power of superior weapon systems.</description>
		<baseCost>3000</baseCost>
		<techLevel>Industrial</techLevel>
		<prerequisites>
			<li>GunTurrets</li>
		</prerequisites>
		<researchViewX>8</researchViewX>
		<researchViewY>4</researchViewY>
	</ResearchProjectDef>

  <!-- Shadowrunner Cyberpunks -->
	<ResearchProjectDef>
		<defName>CW_CyberneticWarfare</defName>
		<label>Cybernetic Warfare</label>
		<description>Achieve the full control over your weapon systems. Become the platform.</description>
		<baseCost>24000</baseCost>
		<techLevel>Ultra</techLevel>
		<prerequisites>
			<li>Bionics</li>
		</prerequisites>
		<researchViewX>18</researchViewX>
		<researchViewY>1</researchViewY>
	</ResearchProjectDef>

  <!-- Universal Soldiers Space Marines -->
	<ResearchProjectDef>
		<defName>CW_FrameworkWeaponry</defName>
		<label>Framework Weaponry</label>
		<description>Provides access to a databank with an exclusive selection of weapons.</description>
		<baseCost>30000</baseCost>
		<techLevel>Ultra</techLevel>
		<prerequisites>
			<li>CW_CyberneticWarfare</li>
		</prerequisites>
		<researchViewX>19</researchViewX>
		<researchViewY>1</researchViewY>
	</ResearchProjectDef>

</Defs>