<?xml version="1.0" encoding="utf-8"?>
<Defs>

    <ManeuverDef>
        <defName>BluntKnockback</defName>
        <requiredCapacity>BluntKnockback</requiredCapacity>
        <verb>
            <verbClass>Verb_MeleeAttackDamage</verbClass>
            <meleeDamageDef>BluntKnockback</meleeDamageDef>
        </verb>
        <logEntryDef>MeleeAttack</logEntryDef>
        <combatLogRulesHit>Maneuver_Smash_MeleeHit</combatLogRulesHit>
        <combatLogRulesDeflect>Maneuver_Smash_MeleeDeflect</combatLogRulesDeflect>
        <combatLogRulesMiss>Maneuver_Smash_MeleeMiss</combatLogRulesMiss>
        <combatLogRulesDodge>Maneuver_Smash_MeleeDodge</combatLogRulesDodge>
    </ManeuverDef>

</Defs>